code,link,name,site,tags
ADM-211,https://www.udemy.com/course/adm-211-sales-force-management-essential-management-exam/?couponCode=ADM-211,[Free] ADM-211 Sales Force Management Essential Management Exam,Learnviral,"FREE/100% discount,IT & Software,IT Certification,Udemy,Up Strive Hub"
0393B2DAB7183CDE1BCB,https://www.udemy.com/course/online-course-essentials-online-course-as-fast-as-possible/?couponCode=0393B2DAB7183CDE1BCB,[Free] Online Course Essentials – Online Course as Fast As Possible,Learnviral,"Business,Entrepreneurship,FREE/100% discount,Nick Nyxson,Online Course Creation,Udemy,Business,Entrepreneurship,FREE/100% discount,Nick Nyxson,Online Course Creation,Udemy,Business,Entrepreneurship,FREE/100% discount,Nick Nyxson,Online Course Creation,Udemy"
8B250B8AAB21301C26C1,https://www.udemy.com/course/mental-maths-learn-multiplication-tables-upto-100-in-30-mins/?couponCode=8B250B8AAB21301C26C1,[Free] Mental Maths-Learn Multiplication Tables upto 100 in 30 mins,Learnviral,"FREE/100% discount,Kripansh Grover,Memory & Study Skills,Mental Math,Personal Development,Udemy,$10 codes,Kripansh Grover,Memory & Study Skills,Mental Math,Personal Development,Udemy"
DEV-501,https://www.udemy.com/course/dev-501-sales-force-advanced-developer-practice-exam/?couponCode=DEV-501,[Free] DEV-501 Sales Force Advanced Developer Practice Exam,Learnviral,"FREE/100% discount,IT & Software,IT Certification,Udemy,Up Strive Hub"
LEARN4FREEJUNE,https://www.udemy.com/course/learn-c-programming-from-scratch-n/?couponCode=LEARN4FREEJUNE,[Free] Learn C++ Programming From Scratch,Learnviral,"C++,Development,FREE/100% discount,Kiran Gavali,Programming Languages,Udemy,C++,Development,FREE/100% discount,Kiran Gavali,Programming Languages,Udemy,C++,Development,FREE/100% discount,Kiran Gavali,Programming Languages,Udemy"
33D5301307F6AE2AEF97,https://www.udemy.com/course/8-15-hlt/?couponCode=33D5301307F6AE2AEF97,[Free] تعليم البرمجة للمبتدئين و للأطفال,Learnviral,"Abir ELTAIEF,Coding For Kids,Development,FREE/100% discount,Programming Languages,Udemy,Abir ELTAIEF,Coding For Kids,Development,FREE/100% discount,Programming Languages,Udemy,$10 codes,Abir ELTAIEF,Coding For Kids,Development,Programming Languages,Udemy,$11-$25 codes,$13 codes,Abir ELTAIEF,Coding For Kids,Development,Programming Languages,Udemy,Abir ELTAIEF,Development,FREE/100% discount,Programming Languages,Udemy"
5795F17C1A93C22F82C6,https://www.udemy.com/course/juego-de-tragamonedas-online?couponCode=5795F17C1A93C22F82C6,Juego de Tragamonedas Online,Comidoc,
DEV-501,https://www.udemy.com/course/dev-501-sales-force-advanced-developer-practice-exam?couponCode=DEV-501,DEV-501 Sales Force Advanced Developer Practice Exam,Comidoc,
LEARN4FREEJUNE,https://www.udemy.com/course/learn-c-programming-from-scratch-n?couponCode=LEARN4FREEJUNE,Learn C++ Programming From Scratch,Comidoc,
0C2B5C0615561BF9B5D5,https://www.udemy.com/course/1z0-997-oracle-cloud-infrastructure-architect-professional-k?couponCode=0C2B5C0615561BF9B5D5,1Z0-997 : Oracle Cloud Infrastructure Architect Professional,Comidoc,
YOUACCELJUNEFIN,https://www.udemy.com/course/bootstrap-jquery-certification-course-for-beginners?couponCode=YOUACCELJUNEFIN,Bootstrap & jQuery - Certification Course for Beginners,Comidoc,
ADM-211,https://www.udemy.com/course/adm-211-sales-force-management-essential-management-exam?couponCode=ADM-211,ADM-211 Sales Force Management Essential Management Exam,Comidoc,
YOUACCELJUNEFIN,https://www.udemy.com/course/how-the-internet-works-the-web-development-process?couponCode=YOUACCELJUNEFIN,How the Internet Works & the Web Development Process,Comidoc,
FREEGIFTFORJUNE,https://www.udemy.com/course/advance-strategy-to-stop-worry-anxiety-and-embrace-success?couponCode=FREEGIFTFORJUNE,"Advance Strategy to stop worry, anxiety and embrace success",Comidoc,
YOUACCELJUNEFIN,https://www.udemy.com/course/css-javascript-certification-course-for-beginners?couponCode=YOUACCELJUNEFIN,CSS & JavaScript - Certification Course for Beginners,Comidoc,
N/A,https://www.udemy.com/course/introduction-to-application-security-appsec/?&deal_code=JUNESAVINGS2020&utm_source=aff-campaign&utm_medium=udemyads&utm_term=Homepage&utm_content=Textlink&utm_campaign=NetSec-20May2020&ranMID=39197&ranEAID=VkwVKCHWj2A&ranSiteID=VkwVKCHWj2A-XeSO.U1ql6cpU4sukeRaKQ&LSNPUBID=VkwVKCHWj2A,Introduction to Application Security (AppSec),SmartyBro,"Application Security,IT & Software"
FA8EE2E681F1DD89D6B4,https://www.udemy.com/course/network-ethical-hacking/?couponCode=FA8EE2E681F1DD89D6B4&deal_code=JUNESAVINGS2020&utm_source=aff-campaign&utm_medium=udemyads&utm_term=Homepage&utm_content=Textlink&utm_campaign=NetSec-20May2020&ranMID=39197&ranEAID=VkwVKCHWj2A&ranSiteID=VkwVKCHWj2A-XeSO.U1ql6cpU4sukeRaKQ&LSNPUBID=VkwVKCHWj2A,"Network Ethical Hacking for Beginners (Kali 2020, Hands-on)",SmartyBro,"Ethical Hacking,IT & Software,Kali,Network"
WEB-DESIGN,https://www.udemy.com/course/practical-web-developer-bootcamp-zero-to-mastery/?couponCode=WEB-DESIGN&deal_code=JUNESAVINGS2020&utm_source=aff-campaign&utm_medium=udemyads&utm_term=Homepage&utm_content=Textlink&utm_campaign=NetSec-20May2020&ranMID=39197&ranEAID=VkwVKCHWj2A&ranSiteID=VkwVKCHWj2A-XeSO.U1ql6cpU4sukeRaKQ&LSNPUBID=VkwVKCHWj2A,Web Developer Bootcamp! Master Front-End Web Development,SmartyBro,"Development,Programming,Web Development"
FREE-JAVA,https://www.udemy.com/course/complete-java-programming-bootcamp-swing-javafx-postgresql-jdbc-jsp/?couponCode=FREE-JAVA&deal_code=SOLSTICESALE&utm_source=aff-campaign&utm_medium=udemyads&utm_term=Homepage&utm_content=Textlink&utm_campaign=NetSec-20May2020&ranMID=39197&ranEAID=VkwVKCHWj2A&ranSiteID=VkwVKCHWj2A-XeSO.U1ql6cpU4sukeRaKQ&LSNPUBID=VkwVKCHWj2A,"Complete Java Bootcamp! Swing, JavaFX, PostgreSQL, JDBC, JSP",SmartyBro,"Development,IT & Software,Java,JavaFx,JDBC,JSP,PostgreSQL,Programming"
A17B274BDE352CED5C51,https://www.udemy.com/course/complete-hibernate-framework-basic-jpa-techniques/?couponCode=A17B274BDE352CED5C51&deal_code=JUNESAVINGS2020&utm_source=aff-campaign&utm_medium=udemyads&utm_term=Homepage&utm_content=Textlink&utm_campaign=NetSec-20May2020&ranMID=39197&ranEAID=VkwVKCHWj2A&ranSiteID=VkwVKCHWj2A-XeSO.U1ql6cpU4sukeRaKQ&LSNPUBID=VkwVKCHWj2A,Complete Hibernate Framework: Basic JPA Techniques (2020),SmartyBro,"Development,Hibernate,IT & Software,Programming"
N/A,https://www.udemy.com/course/ios-store-programmatically/?&deal_code=SOLSTICESALE&utm_source=aff-campaign&utm_medium=udemyads&utm_term=Homepage&utm_content=Textlink&utm_campaign=NetSec-20May2020&ranMID=39197&ranEAID=VkwVKCHWj2A&ranSiteID=VkwVKCHWj2A-XeSO.U1ql6cpU4sukeRaKQ&LSNPUBID=VkwVKCHWj2A,ios store programmatically,SmartyBro,"Development,IOS Development,Programming,Swift"
529A4FA5C1824D8C5D54,https://www.udemy.com/course/ms-excel-for-beginners-fast-track-training/?couponCode=529A4FA5C1824D8C5D54,MS Excel For Beginners: Fast Track Training,RealDiscount,"Excel,Excel course,Excel formulas,Excel microsoft excel,Excel online,Excel spreadsheet,Excel tutorial,Excel tutorials,Excel vba,learn Excel,learn Excel online"
X64FREE_JUN17,https://www.udemy.com/course/x64dbg-debugger/?couponCode=X64FREE_JUN17&deal_code=SOLSTICESALE&utm_source=aff-campaign&utm_medium=udemyads&utm_term=Homepage&utm_content=Textlink&utm_campaign=NetSec-20May2020&ranMID=39197&ranEAID=VkwVKCHWj2A&ranSiteID=VkwVKCHWj2A-XeSO.U1ql6cpU4sukeRaKQ&LSNPUBID=VkwVKCHWj2A,x64dbg Debugger for Reverse Engineering Beginners,SmartyBro,"IT & Software,x64dbg"
N/A,https://www.udemy.com/course/asynchronous-javascript-bootcamp/?&deal_code=SOLSTICESALE&utm_source=aff-campaign&utm_medium=udemyads&utm_term=Homepage&utm_content=Textlink&utm_campaign=NetSec-20May2020&ranMID=39197&ranEAID=VkwVKCHWj2A&ranSiteID=VkwVKCHWj2A-XeSO.U1ql6cpU4sukeRaKQ&LSNPUBID=VkwVKCHWj2A,Asynchronous JavaScript Bootcamp,SmartyBro,"Development,Javascript,Programming"
E593369B2763601B81D5,https://www.udemy.com/course/network-operations-center-engineer/?couponCode=E593369B2763601B81D5,Network Operations Center Engineer,RealDiscount,
43ADD99BE2CE05BE9FFD,https://www.udemy.com/course/android-malware-analysis-from-zero-to-hero/?couponCode=43ADD99BE2CE05BE9FFD&deal_code=SOLSTICESALE&utm_source=aff-campaign&utm_medium=udemyads&utm_term=Homepage&utm_content=Textlink&utm_campaign=NetSec-20May2020&ranMID=39197&ranEAID=VkwVKCHWj2A&ranSiteID=VkwVKCHWj2A-XeSO.U1ql6cpU4sukeRaKQ&LSNPUBID=VkwVKCHWj2A,Android Malware Analysis – From Zero to Hero,SmartyBro,"Android Development,Development,Programming"
LAUNCH2020FREE,https://www.udemy.com/course/the-beginners-guide-to-c/?couponCode=LAUNCH2020FREE&deal_code=SOLSTICESALE&utm_source=aff-campaign&utm_medium=udemyads&utm_term=Homepage&utm_content=Textlink&utm_campaign=NetSec-20May2020&ranMID=39197&ranEAID=VkwVKCHWj2A&ranSiteID=VkwVKCHWj2A-XeSO.U1ql6cpU4sukeRaKQ&LSNPUBID=VkwVKCHWj2A,The Beginner’s Guide to C#,SmartyBro,"c#,Development,Programming"
REPUTATION,https://www.udemy.com/course/wordpress-e-com-mastery-build-your-own-pod-business/?couponCode=REPUTATION&deal_code=SOLSTICESALE&utm_source=aff-campaign&utm_medium=udemyads&utm_term=Homepage&utm_content=Textlink&utm_campaign=NetSec-20May2020&ranMID=39197&ranEAID=VkwVKCHWj2A&ranSiteID=VkwVKCHWj2A-XeSO.U1ql6cpU4sukeRaKQ&LSNPUBID=VkwVKCHWj2A,WordPress + E-Com Mastery: Build Your Own POD Business,SmartyBro,"Business,Development,Ecommerce Website,SEO,Wordpress Website"
FREE2020G,https://www.udemy.com/course/the-mavericks-guide-to-achieving-powerful-goals/?couponCode=FREE2020G,Achieving Powerful Goals – The Maverick’s Goal Setting Guide,RealDiscount,
1EECA78CC9745EDC9B10,https://www.udemy.com/course/drive-sales-conversions-with-facebook-ads-complete-guide-ppc-roi-fb/?couponCode=1EECA78CC9745EDC9B10,Drive Sales & Conversions With Facebook Ads: Complete Guide!,RealDiscount,
LAUNCH-CODE,https://www.udemy.com/course/speaking-masterclass/?couponCode=LAUNCH-CODE,Secrets of Speaking English: OPIc Masterclass,RealDiscount,
JUNETHR2020,https://www.udemy.com/course/google-data-studio-by-starttech/?couponCode=JUNETHR2020&deal_code=SOLSTICESALE&utm_source=aff-campaign&utm_medium=udemyads&utm_term=Homepage&utm_content=Textlink&utm_campaign=NetSec-20May2020&ranMID=39197&ranEAID=VkwVKCHWj2A&ranSiteID=VkwVKCHWj2A-XeSO.U1ql6cpU4sukeRaKQ&LSNPUBID=VkwVKCHWj2A,Google Data Studio A-Z for Data Visualization and Dashboards,SmartyBro,"Business,Data Visualization,Google Data"
FREE-JAVA,https://www.udemy.com/course/practical-java-programming-practices-120-common-projects/?couponCode=FREE-JAVA&deal_code=SOLSTICESALE&utm_source=aff-campaign&utm_medium=udemyads&utm_term=Homepage&utm_content=Textlink&utm_campaign=NetSec-20May2020&ranMID=39197&ranEAID=VkwVKCHWj2A&ranSiteID=VkwVKCHWj2A-XeSO.U1ql6cpU4sukeRaKQ&LSNPUBID=VkwVKCHWj2A,Practical Java programming practices (120+ common projects),SmartyBro,"Development,Java,Programming"
JUNEFIR2020,https://www.udemy.com/course/linear-regression-and-logistic-regression-r-studio-starttech/?couponCode=JUNEFIR2020&deal_code=SOLSTICESALE&utm_source=aff-campaign&utm_medium=udemyads&utm_term=Homepage&utm_content=Textlink&utm_campaign=NetSec-20May2020&ranMID=39197&ranEAID=VkwVKCHWj2A&ranSiteID=VkwVKCHWj2A-XeSO.U1ql6cpU4sukeRaKQ&LSNPUBID=VkwVKCHWj2A,Linear Regression and Logistic Regression using R Studio,SmartyBro,"Development,Programming,R Studio"
52F043106F2FB4020262,https://www.udemy.com/course/speakthaifaster/?couponCode=52F043106F2FB4020262,Learn speak Thai faster and easier,RealDiscount,
875103DD36A137239052,https://www.udemy.com/course/verkaufsstarke-webinare-mit-webinaris/?couponCode=875103DD36A137239052,Marketing Automatisierung mit Webinaris,RealDiscount,
JUNE2020,https://www.udemy.com/course/20-advance-excel-tools-mastery-course/?couponCode=JUNE2020,Top Microsoft Excel Tools Mastery Course (Advance 20 Tools),RealDiscount,"Excel,Excel course,Excel formulas,Excel microsoft excel,Excel online,Excel spreadsheet,Excel tutorial,Excel tutorials,Excel vba,learn Excel,learn Excel online"
JUNFR1,https://www.udemy.com/course/micro-course-on-npv-and-irr/?couponCode=JUNFR1,Online Course on NPV and IRR,RealDiscount,
FREE2020G,https://www.udemy.com/course/intro-to-building-blockchain-apps-hyperledger-fabric-20/?couponCode=FREE2020G,Intro to Building Blockchain Apps: Hyperledger Fabric 2.0,RealDiscount,
N/A,https://www.udemy.com/course/web-application-hacking-penetration-testing-bug-bounty/?&deal_code=SOLSTICESALE&utm_source=aff-campaign&utm_medium=udemyads&utm_term=Homepage&utm_content=Textlink&utm_campaign=NetSec-20May2020&ranMID=39197&ranEAID=VkwVKCHWj2A&ranSiteID=VkwVKCHWj2A-XeSO.U1ql6cpU4sukeRaKQ&LSNPUBID=VkwVKCHWj2A,Web Application Hacking /Penetration Testing & Bug Bounty,SmartyBro,"Bug Bounty,Hacking,IT & Software,Penetration,Web APplication"
529A4FA5C1824D8C5D54,https://www.udemy.com/course/ms-excel-for-beginners-fast-track-training/?couponCode=529A4FA5C1824D8C5D54&deal_code=SOLSTICESALE&utm_source=aff-campaign&utm_medium=udemyads&utm_term=Homepage&utm_content=Textlink&utm_campaign=NetSec-20May2020&ranMID=39197&ranEAID=VkwVKCHWj2A&ranSiteID=VkwVKCHWj2A-XeSO.U1ql6cpU4sukeRaKQ&LSNPUBID=VkwVKCHWj2A,MS Excel For Beginners: Fast Track Training,SmartyBro,"Excel,Office Productivity"
N/A,https://www.udemy.com/course/machine-learning-and-data-science-using-python-r/?&deal_code=SOLSTICESALE&utm_source=aff-campaign&utm_medium=udemyads&utm_term=Homepage&utm_content=Textlink&utm_campaign=NetSec-20May2020&ranMID=39197&ranEAID=VkwVKCHWj2A&ranSiteID=VkwVKCHWj2A-XeSO.U1ql6cpU4sukeRaKQ&LSNPUBID=VkwVKCHWj2A,Machine Learning and Data Science using Python & R,SmartyBro,"Data Science,IT & Software,Machine Learning,Python,R Programming"
FREE4U,https://www.udemy.com/course/directsearch/?couponCode=FREE4U&deal_code=SOLSTICESALE&utm_source=aff-campaign&utm_medium=udemyads&utm_term=Homepage&utm_content=Textlink&utm_campaign=NetSec-20May2020&ranMID=39197&ranEAID=VkwVKCHWj2A&ranSiteID=VkwVKCHWj2A-XeSO.U1ql6cpU4sukeRaKQ&LSNPUBID=VkwVKCHWj2A,Optimization Using Pattern Search Method: MATLAB Programming,SmartyBro,"IT & Software,MATLAB"
7E539979772157B82E05,https://www.udemy.com/course/microsoft-windows-server-2016-hands-on-training-part-ii/?couponCode=7E539979772157B82E05&deal_code=SOLSTICESALE&utm_source=aff-campaign&utm_medium=udemyads&utm_term=Homepage&utm_content=Textlink&utm_campaign=NetSec-20May2020&ranMID=39197&ranEAID=VkwVKCHWj2A&ranSiteID=VkwVKCHWj2A-XeSO.U1ql6cpU4sukeRaKQ&LSNPUBID=VkwVKCHWj2A,Microsoft Windows Server 2016 – Hands-on Training Part II,SmartyBro,"Development,IT & Software,Microsoft Widows"
N/A,https://www.udemy.com/course/data-science-hands-on-1-hour-project-on-deep-learning/?&deal_code=SOLSTICESALE&utm_source=aff-campaign&utm_medium=udemyads&utm_term=Homepage&utm_content=Textlink&utm_campaign=NetSec-20May2020&ranMID=39197&ranEAID=VkwVKCHWj2A&ranSiteID=VkwVKCHWj2A-XeSO.U1ql6cpU4sukeRaKQ&LSNPUBID=VkwVKCHWj2A,Data Science: Hands-On 1 Hour Project On Deep Learning,SmartyBro,"Data Science,Deep Learning,IT & Software"
STAY-SAFE,https://www.udemy.com/course/the-complete-php-full-stack-web-developer-bootcamp/?couponCode=STAY-SAFE&deal_code=SOLSTICESALE&utm_source=aff-campaign&utm_medium=udemyads&utm_term=Homepage&utm_content=Textlink&utm_campaign=NetSec-20May2020&ranMID=39197&ranEAID=VkwVKCHWj2A&ranSiteID=VkwVKCHWj2A-XeSO.U1ql6cpU4sukeRaKQ&LSNPUBID=VkwVKCHWj2A,The Complete 2020 PHP Full Stack Web Developer Bootcamp,SmartyBro,"CSS,Development,HTML,Javascript,PHP,Programming,Web Development"
N/A,https://www.udemy.com/course/gsuite-apps-script/?&deal_code=SOLSTICESALE&utm_source=aff-campaign&utm_medium=udemyads&utm_term=Homepage&utm_content=Textlink&utm_campaign=NetSec-20May2020&ranMID=39197&ranEAID=VkwVKCHWj2A&ranSiteID=VkwVKCHWj2A-XeSO.U1ql6cpU4sukeRaKQ&LSNPUBID=VkwVKCHWj2A,Create HTML Email from DOC template JSON endpoint Sheet data,SmartyBro,"Development,HTML,JSON,Programming"
EXPIRESJUNE20,https://www.udemy.com/course/real-estate-investing-foreclosures/?couponCode=EXPIRESJUNE20,"Real Estate Investing: Foreclosures, Flipping Houses Profits [Updated]",RealDiscount,
FREE2020G,https://www.udemy.com/course/intro-to-building-blockchain-apps-hyperledger-fabric-20/?couponCode=FREE2020G&deal_code=SOLSTICESALE&utm_source=aff-campaign&utm_medium=udemyads&utm_term=Homepage&utm_content=Textlink&utm_campaign=NetSec-20May2020&ranMID=39197&ranEAID=VkwVKCHWj2A&ranSiteID=VkwVKCHWj2A-XeSO.U1ql6cpU4sukeRaKQ&LSNPUBID=VkwVKCHWj2A,Intro to Building Blockchain Apps: Hyperledger Fabric 2.0,SmartyBro,"Blockchain,Hyperledger,IT & Software"
C8F8BA2446D034AF52F6,https://www.udemy.com/course/liderazgo-en-tecnologia/?couponCode=C8F8BA2446D034AF52F6,Liderazgo en Equipos de Tecnología,RealDiscount,
GET-PYTHON,https://www.udemy.com/course/practical-python-bootcamp-build-100-real-projects/?couponCode=GET-PYTHON&deal_code=JUNESAVINGS2020&utm_source=aff-campaign&utm_medium=udemyads&utm_term=Homepage&utm_content=Textlink&utm_campaign=NetSec-20May2020&ranMID=39197&ranEAID=VkwVKCHWj2A&ranSiteID=VkwVKCHWj2A-XeSO.U1ql6cpU4sukeRaKQ&LSNPUBID=VkwVKCHWj2A,Complete python bootcamp! Build real world projects in 2020,SmartyBro,"Development,Programming,Python"
